쏵넋鑒,앤黎댕鬼,numpy봬珂(취),loop봬珂(취)
1,256,0.000794,3.289271
2,256,0.102006,1.853218
4,256,0.316725,1.199844
8,256,0.283779,0.771036
1,512,0.003224,27.952852
2,512,0.106156,14.863011
4,512,0.246446,8.309526
8,512,1.232860,6.709338
1,1024,0.017229,239.770169
2,1024,0.339295,125.113128
4,1024,0.640336,69.944608
8,1024,3.783261,47.362175
